customer_id,customer_name,customer_email,customer_phone_hash,risk_tier,created_at
CUST_000001,Anamika Dugal,user_1_79005b@example.synth,PH_79005ba3ef1d,STANDARD,2025-10-31T11:17:07
CUST_000002,Vasatika Palan,user_2_2f01d8@example.synth,PH_2f01d82b287c,LOW_ACTIVITY,2025-03-02T13:07:33
CUST_000003,Sai Nath,user_3_a60a83@example.synth,PH_a60a83e8b9dc,STANDARD,2025-11-04T15:52:54
CUST_000004,Yamini Varma,user_4_a5b91b@example.synth,PH_a5b91baf4b1d,STANDARD,2025-05-15T23:02:40
CUST_000005,Siddharth Karan,user_5_e01a39@example.synth,PH_e01a393eddb7,STANDARD,2025-05-10T13:08:50
CUST_000006,Andrew Magar,user_6_fbf1e4@example.synth,PH_fbf1e43514e5,STANDARD,2025-10-11T03:22:18
CUST_000007,Anvi Bhavsar,user_7_90f94b@example.synth,PH_90f94b79c765,STANDARD,2025-02-18T04:03:18
CUST_000008,Adya Gara,user_8_b27cb8@example.synth,PH_b27cb80aa0fc,LOW_ACTIVITY,2025-09-06T12:20:14
CUST_000009,Indali Dewan,user_9_e8f5fa@example.synth,PH_e8f5fa155725,STANDARD,2025-09-16T03:37:02
CUST_000010,Balendra Naidu,user_10_fa7330@example.synth,PH_fa73307d95b0,STANDARD,2025-11-02T05:13:14
CUST_000011,Vamakshi Goel,user_11_c45302@example.synth,PH_c45302726e21,STANDARD,2025-04-17T21:02:35
CUST_000012,Yatan Nadig,user_12_fbc6c1@example.synth,PH_fbc6c1ab6f99,STANDARD,2025-10-19T01:54:04
CUST_000013,Arin Guha,user_13_da721c@example.synth,PH_da721cae4ff2,PREMIUM,2025-04-13T02:17:21
CUST_000014,Krish Joshi,user_14_398619@example.synth,PH_3986191d8d53,PREMIUM,2025-11-30T19:04:54
CUST_000015,Vamakshi Sinha,user_15_de8edc@example.synth,PH_de8edc2d43ca,PREMIUM,2025-04-01T01:03:36
CUST_000016,Wriddhish Pant,user_16_a7bb8e@example.synth,PH_a7bb8ed03770,STANDARD,2025-02-24T00:27:35
CUST_000017,Kalpit Padmanabhan,user_17_52b662@example.synth,PH_52b6621ee58a,PREMIUM,2025-08-22T18:17:45
CUST_000018,Tanay Pai,user_18_dfa10a@example.synth,PH_dfa10aa0be09,PREMIUM,2025-10-31T01:02:44
CUST_000019,Vyanjana Dube,user_19_be2871@example.synth,PH_be2871acd674,LOW_ACTIVITY,2025-01-14T16:39:45
CUST_000020,Tripti Oak,user_20_9ef6a6@example.synth,PH_9ef6a64a4b57,STANDARD,2025-02-21T23:10:36
CUST_000021,Noah Kashyap,user_21_85570b@example.synth,PH_85570b316b00,STANDARD,2025-03-11T00:28:09
CUST_000022,Daniel Rege,user_22_d8149e@example.synth,PH_d8149e50789d,STANDARD,2025-05-04T06:00:25
CUST_000023,Harish Verma,user_23_bdfcc5@example.synth,PH_bdfcc5ed412e,PREMIUM,2025-01-10T00:38:39
CUST_000024,Ikshita Borah,user_24_24878c@example.synth,PH_24878cf38ab2,STANDARD,2025-06-10T07:04:25
CUST_000025,Ishaan Grover,user_25_9f788e@example.synth,PH_9f788e2fd18b,STANDARD,2025-02-21T23:53:28
CUST_000026,Aayush Balay,user_26_c2bbfe@example.synth,PH_c2bbfed13859,STANDARD,2025-03-22T19:21:31
CUST_000027,Harinakshi Chandra,user_27_8313b1@example.synth,PH_8313b1e3863c,STANDARD,2025-10-28T02:55:09
CUST_000028,Naksh Chaudhry,user_28_dee0a5@example.synth,PH_dee0a523642a,STANDARD,2025-07-04T17:36:26
CUST_000029,Jagrati Saini,user_29_74461e@example.synth,PH_74461ee2bc1a,PREMIUM,2025-03-13T04:24:02
CUST_000030,Zayyan Rastogi,user_30_f055d6@example.synth,PH_f055d68fb350,STANDARD,2025-10-10T09:43:06
CUST_000031,David Sha,user_31_3e3838@example.synth,PH_3e3838aa9782,LOW_ACTIVITY,2025-08-20T19:16:01
CUST_000032,Ira Chaudry,user_32_d25a45@example.synth,PH_d25a4563eb16,STANDARD,2025-08-24T00:00:44
CUST_000033,Raghav Viswanathan,user_33_7527bd@example.synth,PH_7527bd6bad1a,STANDARD,2025-11-15T17:26:38
CUST_000034,Kashish Gulati,user_34_a063e1@example.synth,PH_a063e1ac2468,LOW_ACTIVITY,2025-08-13T14:45:45
CUST_000035,Jonathan Tank,user_35_b60c54@example.synth,PH_b60c54bc5df8,PREMIUM,2025-09-22T16:49:14
CUST_000036,Chaaya Tella,user_36_90d0f8@example.synth,PH_90d0f80d7802,LOW_ACTIVITY,2025-05-14T16:21:07
CUST_000037,Yauvani Balan,user_37_7e30d9@example.synth,PH_7e30d933038a,LOW_ACTIVITY,2025-11-22T04:38:23
CUST_000038,Farhan Pillai,user_38_84fdd0@example.synth,PH_84fdd07b6622,STANDARD,2025-08-11T17:10:55
CUST_000039,Faras Yadav,user_39_9c89cb@example.synth,PH_9c89cbfca752,STANDARD,2025-03-24T23:48:02
CUST_000040,Varenya Vasa,user_40_a58ac6@example.synth,PH_a58ac644216a,STANDARD,2025-07-11T02:57:20
CUST_000041,Vivaan Om,user_41_df0598@example.synth,PH_df0598832fd5,STANDARD,2025-10-11T07:55:53
CUST_000042,Anay Dua,user_42_ea4650@example.synth,PH_ea46501fadf3,PREMIUM,2025-08-03T07:45:39
CUST_000043,Bachittar Oommen,user_43_0117b1@example.synth,PH_0117b11984a5,PREMIUM,2025-12-06T01:06:02
CUST_000044,Dhriti Singh,user_44_2b22ff@example.synth,PH_2b22ffcb5976,STANDARD,2025-03-06T02:59:41
CUST_000045,Vrinda Chaudhari,user_45_ce44a5@example.synth,PH_ce44a51f53a4,STANDARD,2025-01-23T23:18:02
CUST_000046,Bhavini Zacharia,user_46_e901c2@example.synth,PH_e901c286f4ed,PREMIUM,2025-06-08T21:09:06
CUST_000047,Osha Wadhwa,user_47_0b3cc7@example.synth,PH_0b3cc7f39e67,STANDARD,2025-12-02T01:49:37
CUST_000048,Arin Palla,user_48_a51991@example.synth,PH_a519913405a2,STANDARD,2025-03-29T16:09:24
CUST_000049,Harini Walia,user_49_b84eea@example.synth,PH_b84eea18da95,LOW_ACTIVITY,2025-01-21T13:09:57
CUST_000050,Sai Grewal,user_50_04c94b@example.synth,PH_04c94bdda39a,STANDARD,2025-08-30T19:37:09
CUST_000051,Reva Rajan,user_51_42c970@example.synth,PH_42c97081ef67,STANDARD,2025-03-14T17:32:35
CUST_000052,Adweta Sami,user_52_68a6f3@example.synth,PH_68a6f3dfbe2d,STANDARD,2025-01-13T06:24:50
CUST_000053,Isaiah Wali,user_53_bca1ca@example.synth,PH_bca1cab8110c,STANDARD,2025-05-12T15:10:25
CUST_000054,Garima Shukla,user_54_762a7b@example.synth,PH_762a7b4d21f0,PREMIUM,2025-08-07T20:10:51
CUST_000055,Logan Shetty,user_55_e830d7@example.synth,PH_e830d736b477,PREMIUM,2025-11-16T04:53:05
CUST_000056,Anusha Brahmbhatt,user_56_158be8@example.synth,PH_158be8c41bc8,STANDARD,2025-02-06T18:20:26
CUST_000057,Aarav Acharya,user_57_49fa65@example.synth,PH_49fa65101a77,STANDARD,2025-03-02T18:12:25
CUST_000058,Yamini Kapur,user_58_77b6c6@example.synth,PH_77b6c6f822e9,STANDARD,2025-02-08T20:44:31
CUST_000059,Triveni Goyal,user_59_c927ed@example.synth,PH_c927ed21500c,STANDARD,2025-05-20T12:33:16
CUST_000060,Isaiah Sawhney,user_60_9a285b@example.synth,PH_9a285b8a912d,STANDARD,2025-07-05T13:29:57
CUST_000061,Madhav Venkataraman,user_61_b859ed@example.synth,PH_b859ed98f1ba,STANDARD,2025-06-04T18:13:24
CUST_000062,Vivaan Gupta,user_62_460109@example.synth,PH_460109b2a676,STANDARD,2025-01-24T23:13:38
CUST_000063,Aarna Sehgal,user_63_164e6b@example.synth,PH_164e6b5eab9e,STANDARD,2025-07-12T16:22:52
CUST_000064,Meera Chandra,user_64_1c66ce@example.synth,PH_1c66ce40ba36,STANDARD,2025-08-27T08:31:43
CUST_000065,Forum Rau,user_65_6a3632@example.synth,PH_6a36329da9a8,STANDARD,2025-02-09T11:37:38
CUST_000066,Rushil Chaudry,user_66_a96c2f@example.synth,PH_a96c2f99a8d9,STANDARD,2025-07-23T12:40:55
CUST_000067,Yoshita Prasad,user_67_6ee8fe@example.synth,PH_6ee8fea617bb,STANDARD,2025-03-15T09:26:36
CUST_000068,Wriddhish Buch,user_68_4c4ade@example.synth,PH_4c4ade1ada32,PREMIUM,2025-11-24T16:03:45
CUST_000069,Owen Muni,user_69_b53106@example.synth,PH_b5310650427b,STANDARD,2025-10-28T08:02:49
CUST_000070,Charita Bawa,user_70_1dcc7a@example.synth,PH_1dcc7af35137,STANDARD,2025-09-14T12:31:38
CUST_000071,Orinder Rastogi,user_71_6209b8@example.synth,PH_6209b81324ae,PREMIUM,2025-09-28T14:22:07
CUST_000072,Hredhaan Singhal,user_72_c97fbe@example.synth,PH_c97fbeaa0d2e,STANDARD,2025-07-14T13:09:09
CUST_000073,Balveer Sheth,user_73_3dbdcc@example.synth,PH_3dbdcc9b0df8,STANDARD,2025-07-18T23:45:00
CUST_000074,Eta Aggarwal,user_74_6de80d@example.synth,PH_6de80ddcc689,STANDARD,2025-12-08T17:49:53
CUST_000075,Dayita Kar,user_75_af64f7@example.synth,PH_af64f75bf565,STANDARD,2025-04-12T15:55:41
CUST_000076,Ekiya Bhardwaj,user_76_df283c@example.synth,PH_df283cded6ed,STANDARD,2025-05-23T21:02:03
CUST_000077,Sachi Radhakrishnan,user_77_e75abf@example.synth,PH_e75abf33a4b5,STANDARD,2025-01-31T00:40:19
CUST_000078,Ekbal Ghose,user_78_b8ef0c@example.synth,PH_b8ef0c650fc0,STANDARD,2025-12-11T03:34:56
CUST_000079,Ekbal Dutta,user_79_53a7dd@example.synth,PH_53a7dd9281d9,STANDARD,2025-10-09T21:13:11
CUST_000080,Gavin Datta,user_80_b88119@example.synth,PH_b8811996da74,STANDARD,2025-12-19T05:21:17
CUST_000081,Hamsini Uppal,user_81_9df8ed@example.synth,PH_9df8ed4d6f0c,STANDARD,2025-09-29T04:07:02
CUST_000082,Yashica Bhargava,user_82_283dfc@example.synth,PH_283dfcaadcbf,STANDARD,2025-01-07T13:04:32
CUST_000083,Nisha Vig,user_83_5e57c6@example.synth,PH_5e57c6ad9dc9,STANDARD,2025-10-20T08:26:46
CUST_000084,Urvashi Kapur,user_84_832d4e@example.synth,PH_832d4efa8220,STANDARD,2025-05-13T21:24:26
CUST_000085,Aachal Brar,user_85_56ca62@example.synth,PH_56ca6254ecb2,STANDARD,2025-05-02T11:24:33
CUST_000086,Advika Edwin,user_86_4e9e25@example.synth,PH_4e9e257daaf4,STANDARD,2025-07-02T07:40:19
CUST_000087,Omaja Bhatnagar,user_87_38d69f@example.synth,PH_38d69ff6b15c,STANDARD,2025-07-09T19:40:02
CUST_000088,Samar Dhawan,user_88_007f72@example.synth,PH_007f7258e8c2,STANDARD,2025-12-20T01:15:14
CUST_000089,Gopal Tiwari,user_89_fb4cff@example.synth,PH_fb4cff0f8e55,PREMIUM,2025-07-29T08:54:51
CUST_000090,Joshua Rege,user_90_720916@example.synth,PH_7209167df562,STANDARD,2025-06-13T10:29:14
CUST_000091,Guneet Guha,user_91_e170f0@example.synth,PH_e170f008410a,STANDARD,2025-05-28T20:49:40
CUST_000092,Isaiah Gade,user_92_05eb2c@example.synth,PH_05eb2c980c37,STANDARD,2025-09-15T17:50:33
CUST_000093,Zilmil Saxena,user_93_1a1e93@example.synth,PH_1a1e93f7df1b,STANDARD,2025-01-05T02:34:52
CUST_000094,Chameli Ramachandran,user_94_fa5615@example.synth,PH_fa5615769151,STANDARD,2025-02-23T09:49:47
CUST_000095,Radhika Ahluwalia,user_95_985d95@example.synth,PH_985d953cc124,PREMIUM,2025-09-23T03:19:32
CUST_000096,Aradhana Sankaran,user_96_63e973@example.synth,PH_63e973f0721d,STANDARD,2025-03-14T08:40:00
CUST_000097,Faraj Buch,user_97_273969@example.synth,PH_2739696811bc,STANDARD,2025-06-20T12:29:01
CUST_000098,Jason Kala,user_98_463fad@example.synth,PH_463fadcde485,STANDARD,2025-11-24T23:03:51
CUST_000099,Sachi Sandal,user_99_ba980f@example.synth,PH_ba980f12c8aa,PREMIUM,2025-06-25T23:07:24
CUST_000100,Samesh Sachdev,user_100_59cf56@example.synth,PH_59cf562d2e04,STANDARD,2025-02-13T21:27:24
CUST_000101,Jagvi Goswami,user_101_dbe3ed@example.synth,PH_dbe3edfc2eed,STANDARD,2025-05-09T20:04:45
CUST_000102,Oviya Nagar,user_102_75d16d@example.synth,PH_75d16dc74d16,STANDARD,2025-04-01T08:12:30
CUST_000103,Vihaan Bera,user_103_bfb77b@example.synth,PH_bfb77b940db8,STANDARD,2025-09-29T18:29:16
CUST_000104,Max Walia,user_104_d53cee@example.synth,PH_d53ceec91e30,STANDARD,2025-06-10T01:18:59
CUST_000105,Ati Subramaniam,user_105_2879fd@example.synth,PH_2879fdebb73c,STANDARD,2025-11-19T15:22:46
CUST_000106,Riya Chacko,user_106_8f8ba4@example.synth,PH_8f8ba4ea7d9d,LOW_ACTIVITY,2025-01-01T16:06:28
CUST_000107,Deepa Mall,user_107_e4677d@example.synth,PH_e4677d7e9198,PREMIUM,2025-02-05T19:21:51
CUST_000108,Pratyush Mohanty,user_108_22cccd@example.synth,PH_22cccd4d48eb,STANDARD,2025-11-20T14:50:08
CUST_000109,Gabriel Kalla,user_109_365853@example.synth,PH_36585319dc2e,PREMIUM,2025-01-23T13:42:56
CUST_000110,Chakradhar Chopra,user_110_62d57f@example.synth,PH_62d57ff94997,PREMIUM,2025-06-28T22:43:10
CUST_000111,Rushil Sachdev,user_111_12b5ff@example.synth,PH_12b5ff3c2012,PREMIUM,2025-11-26T19:05:31
CUST_000112,Luke Borah,user_112_2c1dcb@example.synth,PH_2c1dcb125ce1,STANDARD,2025-10-30T01:55:55
CUST_000113,Ekani Dube,user_113_874970@example.synth,PH_8749707f3c95,STANDARD,2025-02-13T22:16:34
CUST_000114,Priya Chaudhary,user_114_b52240@example.synth,PH_b52240826a98,STANDARD,2025-12-10T17:42:59
CUST_000115,Urvi Chakraborty,user_115_1634b1@example.synth,PH_1634b17ad3b5,PREMIUM,2025-07-21T16:46:52
CUST_000116,Pallavi Kale,user_116_0e779f@example.synth,PH_0e779f9d60c8,STANDARD,2025-09-11T02:59:10
CUST_000117,Harinakshi Pingle,user_117_092dd6@example.synth,PH_092dd62d57a6,STANDARD,2025-10-08T21:26:32
CUST_000118,Samesh Lalla,user_118_b46eaa@example.synth,PH_b46eaa88c23d,STANDARD,2025-09-22T08:12:49
CUST_000119,Lekha Master,user_119_c64fe6@example.synth,PH_c64fe6423659,STANDARD,2025-10-20T13:40:02
CUST_000120,Shivani Pant,user_120_15b54a@example.synth,PH_15b54ade4b2d,PREMIUM,2025-09-27T05:25:17
CUST_000121,Ranbir Narang,user_121_4ee3f6@example.synth,PH_4ee3f666bfc9,STANDARD,2025-12-08T07:37:46
CUST_000122,Umang Lal,user_122_ea19a5@example.synth,PH_ea19a5a2ebfc,STANDARD,2025-09-01T10:58:13
CUST_000123,Ishani Mand,user_123_7af2b2@example.synth,PH_7af2b23ec05b,STANDARD,2025-10-16T11:19:39
CUST_000124,Mahika Chokshi,user_124_3861b2@example.synth,PH_3861b2818c30,STANDARD,2025-10-30T20:47:46
CUST_000125,Hema Balay,user_125_778846@example.synth,PH_778846728919,STANDARD,2025-06-06T14:58:15
CUST_000126,Upma Nayak,user_126_7aec52@example.synth,PH_7aec527b2fe2,STANDARD,2025-04-04T07:15:21
CUST_000127,Nikita Gole,user_127_80c62b@example.synth,PH_80c62b085f76,STANDARD,2025-12-03T00:01:35
CUST_000128,Saumya Balay,user_128_077162@example.synth,PH_077162e801b3,STANDARD,2025-08-04T09:33:27
CUST_000129,Udant Chawla,user_129_1cd195@example.synth,PH_1cd195839ce7,LOW_ACTIVITY,2025-08-03T21:10:39
CUST_000130,Tanmayi Panchal,user_130_8f924f@example.synth,PH_8f924fcea718,STANDARD,2025-02-01T03:32:11
CUST_000131,Sai Pradhan,user_131_8b6d9f@example.synth,PH_8b6d9f240d5c,PREMIUM,2025-08-15T04:17:34
CUST_000132,Hiral Yadav,user_132_1c5b0d@example.synth,PH_1c5b0dafe391,STANDARD,2025-09-19T10:04:52
CUST_000133,Veer Bhalla,user_133_32e8dc@example.synth,PH_32e8dc0f4d20,STANDARD,2025-05-02T04:30:46
CUST_000134,Yagnesh Iyengar,user_134_34953e@example.synth,PH_34953eedc788,STANDARD,2025-01-20T01:51:07
CUST_000135,Praneel Ranganathan,user_135_0509f5@example.synth,PH_0509f55202f7,STANDARD,2025-12-10T05:28:08
CUST_000136,Ekansh Sarraf,user_136_64572a@example.synth,PH_64572aaafd1e,STANDARD,2025-02-11T08:35:47
CUST_000137,Ishaan Comar,user_137_2e1cf8@example.synth,PH_2e1cf8483fe8,STANDARD,2025-09-07T14:40:15
CUST_000138,Yahvi Kamdar,user_138_9425f4@example.synth,PH_9425f4bcd8a0,STANDARD,2025-06-29T21:31:04
CUST_000139,Nidra Trivedi,user_139_455dc7@example.synth,PH_455dc7f205d6,STANDARD,2025-01-02T11:25:08
CUST_000140,Christopher Korpal,user_140_3f2eb3@example.synth,PH_3f2eb3d1f1e9,LOW_ACTIVITY,2025-03-29T10:43:38
CUST_000141,Joshua Sachdev,user_141_328e78@example.synth,PH_328e78a38402,LOW_ACTIVITY,2025-09-01T11:43:36
CUST_000142,Fitan Soni,user_142_ef678e@example.synth,PH_ef678e78f952,PREMIUM,2025-08-18T15:46:50
CUST_000143,Siddharth Sarna,user_143_431f98@example.synth,PH_431f98b885ec,STANDARD,2025-01-23T11:51:33
CUST_000144,Dalaja Buch,user_144_9763af@example.synth,PH_9763af9c5974,STANDARD,2025-11-04T18:18:40
CUST_000145,Eta Pingle,user_145_3cd401@example.synth,PH_3cd401418f7c,STANDARD,2025-11-27T02:42:58
CUST_000146,Tanmayi Murthy,user_146_85ba30@example.synth,PH_85ba30b7040b,STANDARD,2025-03-04T01:42:24
CUST_000147,Yachana Kohli,user_147_251783@example.synth,PH_2517838b1753,STANDARD,2025-01-29T00:45:16
CUST_000148,Brinda Rai,user_148_a8f6ef@example.synth,PH_a8f6efb7fd2d,PREMIUM,2025-03-09T09:58:14
CUST_000149,Madhavi Chana,user_149_8c9c15@example.synth,PH_8c9c1589beb4,LOW_ACTIVITY,2025-05-12T18:35:55
CUST_000150,Faqid Zachariah,user_150_e3bcc5@example.synth,PH_e3bcc5976567,STANDARD,2025-03-03T19:42:20
CUST_000151,Frado Reddy,user_151_b35925@example.synth,PH_b35925aa7bb0,STANDARD,2025-02-05T13:49:44
CUST_000152,Chandresh Kunda,user_152_820822@example.synth,PH_82082259bea8,PREMIUM,2025-04-16T22:18:22
CUST_000153,Anmol Nigam,user_153_d8a669@example.synth,PH_d8a669546d06,STANDARD,2025-07-18T00:06:08
CUST_000154,Oliver Mohanty,user_154_d89c14@example.synth,PH_d89c14df16e7,STANDARD,2025-11-01T16:29:45
CUST_000155,Pahal Kibe,user_155_72f80e@example.synth,PH_72f80ef65259,STANDARD,2025-01-23T20:25:51
CUST_000156,Charvi Dhingra,user_156_12baea@example.synth,PH_12baeabbed7f,PREMIUM,2025-07-22T18:24:54
CUST_000157,Warda Chawla,user_157_97e616@example.synth,PH_97e616792823,STANDARD,2025-07-03T19:30:08
CUST_000158,Chanakya Deo,user_158_dd73af@example.synth,PH_dd73afb84eaa,STANDARD,2025-06-21T23:38:05
CUST_000159,Nirja Varma,user_159_d75b9f@example.synth,PH_d75b9f37321f,STANDARD,2025-11-30T15:45:02
CUST_000160,Isaiah Gopal,user_160_418fab@example.synth,PH_418fab5d51a6,STANDARD,2025-11-19T07:07:51
CUST_000161,Osha Dash,user_161_c8afbf@example.synth,PH_c8afbf320705,LOW_ACTIVITY,2025-10-24T06:24:35
CUST_000162,Abha Dewan,user_162_5e44e5@example.synth,PH_5e44e5bf7500,PREMIUM,2025-09-03T02:59:48
CUST_000163,Brinda Agrawal,user_163_c1b6a8@example.synth,PH_c1b6a896a39c,STANDARD,2025-06-11T20:17:51
CUST_000164,Advik Bhagat,user_164_89150c@example.synth,PH_89150cb24c1a,STANDARD,2025-06-17T01:23:36
CUST_000165,Ekiya Narain,user_165_b38004@example.synth,PH_b38004ec9d55,LOW_ACTIVITY,2025-03-08T15:27:29
CUST_000166,Januja Kaul,user_166_f3a1f7@example.synth,PH_f3a1f7eb9dab,STANDARD,2025-02-07T09:04:09
CUST_000167,Amrita Chaudhuri,user_167_72e622@example.synth,PH_72e6229d777b,STANDARD,2025-12-19T11:40:35
CUST_000168,Yatan Om,user_168_c2fa2c@example.synth,PH_c2fa2cc04fc7,PREMIUM,2025-09-06T22:24:05
CUST_000169,Timothy Khare,user_169_49086c@example.synth,PH_49086c190ca5,LOW_ACTIVITY,2025-06-08T20:33:37
CUST_000170,Yutika Parmer,user_170_92af73@example.synth,PH_92af73225bd1,STANDARD,2025-05-01T07:30:45
CUST_000171,Guneet Wagle,user_171_2fff63@example.synth,PH_2fff6314b0c8,STANDARD,2025-03-15T00:18:36
CUST_000172,Arin Shanker,user_172_25d607@example.synth,PH_25d607a6ce30,STANDARD,2025-02-13T20:53:26
CUST_000173,Frado Bora,user_173_33a796@example.synth,PH_33a796eb4b0a,PREMIUM,2025-11-18T13:11:05
CUST_000174,Michael Morar,user_174_8df5ad@example.synth,PH_8df5ad659fe9,STANDARD,2025-07-21T15:43:59
CUST_000175,Advay Yadav,user_175_704fdc@example.synth,PH_704fdc59a436,PREMIUM,2025-05-31T22:16:57
CUST_000176,Warhi Kalita,user_176_dd0967@example.synth,PH_dd09679b63be,STANDARD,2025-08-19T03:07:56
CUST_000177,Manan Aurora,user_177_b63013@example.synth,PH_b63013b739c8,STANDARD,2025-10-29T20:15:54
CUST_000178,Teerth Saran,user_178_8cf0ca@example.synth,PH_8cf0cab29745,STANDARD,2025-11-13T19:46:36
CUST_000179,Charan Chanda,user_179_75b918@example.synth,PH_75b91885a284,STANDARD,2025-12-02T23:24:51
CUST_000180,Vedika Agate,user_180_bcb618@example.synth,PH_bcb618b75837,STANDARD,2025-09-20T14:50:20
CUST_000181,Lakshmi Deo,user_181_88df41@example.synth,PH_88df4100a832,PREMIUM,2025-01-31T23:22:37
CUST_000182,Amaira Thaman,user_182_8b509f@example.synth,PH_8b509fd1b3b9,STANDARD,2025-01-15T05:12:38
CUST_000183,Bakhshi Wali,user_183_93dc63@example.synth,PH_93dc639e7367,STANDARD,2025-02-17T10:21:41
CUST_000184,Ucchal Dua,user_184_61d1b4@example.synth,PH_61d1b40f7105,STANDARD,2025-02-21T00:55:58
CUST_000185,Amrita Goyal,user_185_2042a6@example.synth,PH_2042a6e822de,STANDARD,2025-08-26T00:46:44
CUST_000186,Dayamai Kohli,user_186_34e7cd@example.synth,PH_34e7cdbc6f98,STANDARD,2025-11-03T14:22:18
CUST_000187,Amol Jha,user_187_811d1b@example.synth,PH_811d1b042f74,STANDARD,2025-03-21T15:30:58
CUST_000188,Rehaan Banerjee,user_188_a41aad@example.synth,PH_a41aaddab419,STANDARD,2025-08-08T02:13:13
CUST_000189,Jack Jhaveri,user_189_523efe@example.synth,PH_523efe0e2215,STANDARD,2025-01-18T19:54:57
CUST_000190,Azad Brahmbhatt,user_190_a17a75@example.synth,PH_a17a75e5e9eb,STANDARD,2025-06-13T13:39:43
CUST_000191,Eesha Raval,user_191_9fbf0d@example.synth,PH_9fbf0db0cdba,LOW_ACTIVITY,2025-01-29T15:31:45
CUST_000192,Bimala Dasgupta,user_192_a0d0b3@example.synth,PH_a0d0b304b4cc,STANDARD,2025-09-16T17:44:29
CUST_000193,Dayamai Chanda,user_193_4ebfa4@example.synth,PH_4ebfa4c3f73a,STANDARD,2025-01-21T16:35:27
CUST_000194,Benjamin Issac,user_194_b314fb@example.synth,PH_b314fbe40422,PREMIUM,2025-12-14T12:23:17
CUST_000195,Yashasvi Taneja,user_195_a02cb8@example.synth,PH_a02cb87f1663,STANDARD,2025-07-27T00:32:19
CUST_000196,Elijah Bhavsar,user_196_d2d111@example.synth,PH_d2d111464984,STANDARD,2025-07-07T08:26:08
CUST_000197,Pratyush Ganesan,user_197_e2178a@example.synth,PH_e2178aa74401,LOW_ACTIVITY,2025-07-20T19:41:11
CUST_000198,Barkha Golla,user_198_c530e1@example.synth,PH_c530e1abf4f1,PREMIUM,2025-08-04T16:13:20
CUST_000199,Raagini Prasad,user_199_a377c0@example.synth,PH_a377c08bdeb3,STANDARD,2025-06-21T16:41:12
CUST_000200,Oscar Ramachandran,user_200_5cf9b6@example.synth,PH_5cf9b64b003b,LOW_ACTIVITY,2025-09-29T21:39:46
CUST_000201,Ranveer Joshi,user_201_6dc130@example.synth,PH_6dc130e8ba3b,PREMIUM,2025-04-18T18:34:11
CUST_000202,Patrick Oak,user_202_62ab57@example.synth,PH_62ab570056ee,STANDARD,2025-06-15T09:48:06
CUST_000203,Champak Nagi,user_203_e2850e@example.synth,PH_e2850e1d181a,LOW_ACTIVITY,2025-06-20T03:53:49
CUST_000204,Aishani Kanda,user_204_ff09c1@example.synth,PH_ff09c16ebcef,STANDARD,2025-03-26T10:30:12
CUST_000205,Sanaya Batta,user_205_e282e5@example.synth,PH_e282e5f24e4b,STANDARD,2025-02-12T04:10:22
CUST_000206,Karan Kant,user_206_02c861@example.synth,PH_02c861bf454f,STANDARD,2025-09-10T03:19:36
CUST_000207,Henry Badami,user_207_4cd70a@example.synth,PH_4cd70a364e66,PREMIUM,2025-02-25T13:28:01
CUST_000208,Triya Nair,user_208_d72bec@example.synth,PH_d72bec455d6d,PREMIUM,2025-01-29T13:21:05
CUST_000209,Zaid Saraf,user_209_2ea91c@example.synth,PH_2ea91c5347ac,STANDARD,2025-05-05T11:12:21
CUST_000210,Simon Karan,user_210_e91623@example.synth,PH_e91623d1e8ef,STANDARD,2025-11-30T02:59:06
CUST_000211,Riya Goel,user_211_792be4@example.synth,PH_792be4ced2ef,STANDARD,2025-01-02T00:33:55
CUST_000212,Isaac Mital,user_212_4d6e7c@example.synth,PH_4d6e7c549a25,STANDARD,2025-02-08T12:16:56
CUST_000213,Dalbir Mody,user_213_2d8a29@example.synth,PH_2d8a2979c6c6,STANDARD,2025-04-12T06:56:33
CUST_000214,Rishi Parmer,user_214_42cce7@example.synth,PH_42cce7682965,STANDARD,2025-08-22T00:21:34
CUST_000215,Dipta Raj,user_215_2c8fd6@example.synth,PH_2c8fd60367b2,STANDARD,2025-08-05T18:12:46
CUST_000216,Indrajit Roy,user_216_e958e5@example.synth,PH_e958e5156d9d,STANDARD,2025-06-14T13:08:55
CUST_000217,Laban Shenoy,user_217_f12d04@example.synth,PH_f12d04f67839,STANDARD,2025-05-12T20:19:35
CUST_000218,Girish Kanda,user_218_5698f3@example.synth,PH_5698f3c2f5bb,STANDARD,2025-05-24T11:54:06
CUST_000219,Ayaan Wali,user_219_60313e@example.synth,PH_60313ecb9914,STANDARD,2025-03-21T20:05:01
CUST_000220,Netra Minhas,user_220_49c55d@example.synth,PH_49c55d875938,STANDARD,2025-08-24T01:22:28
CUST_000221,Harini Wable,user_221_556bf1@example.synth,PH_556bf11b04be,PREMIUM,2025-12-12T10:49:16
CUST_000222,Zilmil Magar,user_222_7b3c94@example.synth,PH_7b3c944af2ec,STANDARD,2025-04-24T11:23:01
CUST_000223,Janani Sura,user_223_268263@example.synth,PH_2682635bd6e4,PREMIUM,2025-06-24T11:26:39
CUST_000224,Parth Lanka,user_224_2058c4@example.synth,PH_2058c4de6afa,STANDARD,2025-05-28T15:03:54
CUST_000225,Leena Bassi,user_225_a6d7e6@example.synth,PH_a6d7e6aeb57c,STANDARD,2025-03-06T10:02:25
CUST_000226,Noah Doshi,user_226_74a753@example.synth,PH_74a7535243e3,STANDARD,2025-09-11T06:09:17
CUST_000227,Geetika Vohra,user_227_66604b@example.synth,PH_66604bad8ce1,STANDARD,2025-08-18T04:54:53
CUST_000228,Wakeeta Dua,user_228_fb03ab@example.synth,PH_fb03ab0e45b3,STANDARD,2025-07-30T03:34:01
CUST_000229,Chaaya Tata,user_229_41d7de@example.synth,PH_41d7dea9eb3b,STANDARD,2025-08-22T10:30:38
CUST_000230,Rajata Shukla,user_230_e2f311@example.synth,PH_e2f311e6b934,STANDARD,2025-08-10T15:17:39
CUST_000231,Urvi Bansal,user_231_fc81ed@example.synth,PH_fc81edae0e59,STANDARD,2025-09-10T06:05:27
CUST_000232,Zayan Toor,user_232_a68922@example.synth,PH_a68922fbcf37,PREMIUM,2025-09-27T18:01:36
CUST_000233,Ronith Om,user_233_57316d@example.synth,PH_57316de01318,STANDARD,2025-06-01T22:42:01
CUST_000234,Dev Datta,user_234_5d3d3d@example.synth,PH_5d3d3d7068b0,STANDARD,2025-08-10T14:23:12
CUST_000235,Advay Dey,user_235_61a634@example.synth,PH_61a6347f6248,STANDARD,2025-05-25T06:42:45
CUST_000236,Gaurika Thakur,user_236_5e1f74@example.synth,PH_5e1f74c14731,STANDARD,2025-08-27T08:28:31
CUST_000237,Hardik Randhawa,user_237_a12eaa@example.synth,PH_a12eaa55886b,STANDARD,2025-06-08T11:46:02
CUST_000238,Radhika Brahmbhatt,user_238_d6578d@example.synth,PH_d6578d46d80b,STANDARD,2025-08-19T15:18:28
CUST_000239,Lipika Zachariah,user_239_5e2a88@example.synth,PH_5e2a8816b0c6,STANDARD,2025-11-29T17:21:53
CUST_000240,Upkaar Anne,user_240_9be6d7@example.synth,PH_9be6d70e2170,PREMIUM,2025-01-13T08:46:56
CUST_000241,Unnati Hora,user_241_454860@example.synth,PH_45486012c314,STANDARD,2025-01-20T02:15:34
CUST_000242,Dayamai Chahal,user_242_3fcd56@example.synth,PH_3fcd56737bea,STANDARD,2025-02-10T08:37:00
CUST_000243,Kashvi Pathak,user_243_32365d@example.synth,PH_32365d37c3e7,STANDARD,2025-06-27T09:09:53
CUST_000244,Hiral Mander,user_244_f85a95@example.synth,PH_f85a9552a521,STANDARD,2025-03-20T01:40:20
CUST_000245,Faras Rout,user_245_0a6ab2@example.synth,PH_0a6ab29e5d6a,STANDARD,2025-05-26T16:47:37
CUST_000246,Dev Pau,user_246_a28cae@example.synth,PH_a28caecc3a68,PREMIUM,2025-08-11T17:14:53
CUST_000247,Gopal Krishnan,user_247_4035cb@example.synth,PH_4035cbb07f92,STANDARD,2025-04-28T06:03:35
CUST_000248,Krishna Kade,user_248_a89b86@example.synth,PH_a89b8613e940,STANDARD,2025-08-06T13:56:41
CUST_000249,Timothy Devi,user_249_8f1e31@example.synth,PH_8f1e31dad5c8,STANDARD,2025-10-06T21:01:35
CUST_000250,Ayushman Oza,user_250_442b32@example.synth,PH_442b32ec9062,STANDARD,2025-10-02T10:48:44
CUST_000251,Theodore Jani,user_251_1fff0b@example.synth,PH_1fff0bb1618c,STANDARD,2025-04-14T12:52:56
CUST_000252,Azad Palla,user_252_f3adf5@example.synth,PH_f3adf5722900,STANDARD,2025-04-30T03:24:27
CUST_000253,Vedika Bhat,user_253_77062e@example.synth,PH_77062e13986e,STANDARD,2025-06-20T21:22:33
CUST_000254,Mohammed Dixit,user_254_d0a61d@example.synth,PH_d0a61d3bf3bb,STANDARD,2025-02-14T07:27:30
CUST_000255,Orinder Dara,user_255_3a8302@example.synth,PH_3a8302b860f1,STANDARD,2025-07-15T07:58:14
CUST_000256,Rayaan Ahluwalia,user_256_c4996b@example.synth,PH_c4996b4ce81e,STANDARD,2025-12-10T12:11:00
CUST_000257,Aayush Mutti,user_257_f09879@example.synth,PH_f09879ed517a,LOW_ACTIVITY,2025-09-16T18:13:48
CUST_000258,Vritti Mohanty,user_258_72793d@example.synth,PH_72793d7ed765,STANDARD,2025-06-04T16:31:04
CUST_000259,Qabil Dayal,user_259_2ce7fc@example.synth,PH_2ce7fc0d0496,STANDARD,2025-10-01T22:36:08
CUST_000260,Aayush Master,user_260_ad02b3@example.synth,PH_ad02b3a56b2e,STANDARD,2025-11-21T06:10:28
CUST_000261,Manthan Bhatia,user_261_43ad53@example.synth,PH_43ad53252f91,STANDARD,2025-04-04T11:42:06
CUST_000262,Chandani Srivastava,user_262_fe389f@example.synth,PH_fe389f0f03da,PREMIUM,2025-04-06T13:27:30
CUST_000263,Zilmil Pandit,user_263_164753@example.synth,PH_164753775447,STANDARD,2025-09-20T15:06:08
CUST_000264,Qarin Swaminathan,user_264_9289c0@example.synth,PH_9289c058ccbf,STANDARD,2025-09-23T06:20:11
CUST_000265,Ishwar Gola,user_265_bebfd4@example.synth,PH_bebfd4a2cc05,STANDARD,2025-12-18T22:36:28
CUST_000266,Anya Kanda,user_266_3750d7@example.synth,PH_3750d782e793,STANDARD,2025-04-03T14:41:12
CUST_000267,Teerth Sandhu,user_267_b0b358@example.synth,PH_b0b358c3d24d,STANDARD,2025-10-27T11:25:45
CUST_000268,Bishakha Acharya,user_268_0be19b@example.synth,PH_0be19bd02fef,PREMIUM,2025-03-21T16:08:17
CUST_000269,Samarth Sule,user_269_ad451e@example.synth,PH_ad451ea8f8ef,STANDARD,2025-08-11T01:13:26
CUST_000270,Ishaan Kala,user_270_e8eb8f@example.synth,PH_e8eb8f32d28f,LOW_ACTIVITY,2025-06-20T08:50:14
CUST_000271,Inaya Ganesan,user_271_8680cf@example.synth,PH_8680cf51809b,STANDARD,2025-04-29T14:41:22
CUST_000272,Bhavna Anne,user_272_bda20e@example.synth,PH_bda20e53a60c,STANDARD,2025-04-19T16:06:50
CUST_000273,Chakradev Panchal,user_273_48e136@example.synth,PH_48e136582b73,STANDARD,2025-10-09T07:13:36
CUST_000274,Radhika Bhatt,user_274_f03832@example.synth,PH_f038324e0ec4,STANDARD,2025-05-02T23:45:01
CUST_000275,Yatin Salvi,user_275_171c10@example.synth,PH_171c10886593,STANDARD,2025-10-10T17:30:22
CUST_000276,Maya Ahuja,user_276_6ced91@example.synth,PH_6ced91c3a7e6,STANDARD,2025-03-01T01:30:06
CUST_000277,Fitan Sangha,user_277_518caa@example.synth,PH_518caa558eef,STANDARD,2025-05-28T17:53:34
CUST_000278,Lopa Sarna,user_278_0c8862@example.synth,PH_0c8862e8ab21,STANDARD,2025-11-13T03:00:23
CUST_000279,Turvi Suresh,user_279_2c1aab@example.synth,PH_2c1aaba61c3c,LOW_ACTIVITY,2025-01-17T15:59:29
CUST_000280,Nathan Sarraf,user_280_7d1192@example.synth,PH_7d119262ee52,STANDARD,2025-08-02T10:36:52
CUST_000281,Omaja Baral,user_281_ebfeea@example.synth,PH_ebfeea3c4ad9,STANDARD,2025-04-02T15:16:46
CUST_000282,Orinder Gandhi,user_282_2d6705@example.synth,PH_2d67056af4f2,STANDARD,2025-07-30T02:15:46
CUST_000283,Ishanvi Patel,user_283_7e926c@example.synth,PH_7e926c364d33,STANDARD,2025-08-23T19:50:32
CUST_000284,Ethan Edwin,user_284_0997af@example.synth,PH_0997afd98744,STANDARD,2025-02-28T08:29:25
CUST_000285,Jason Patla,user_285_ca5a98@example.synth,PH_ca5a9805188e,STANDARD,2025-04-10T11:44:40
CUST_000286,Forum Sheth,user_286_92e519@example.synth,PH_92e51902c197,STANDARD,2025-01-08T14:49:55
CUST_000287,Luke Ray,user_287_bda07d@example.synth,PH_bda07d03812a,STANDARD,2025-02-07T16:34:50
CUST_000288,Nathaniel Virk,user_288_089c12@example.synth,PH_089c129b1d27,STANDARD,2025-04-15T21:04:35
CUST_000289,Urmi Soman,user_289_9305fb@example.synth,PH_9305fb9f6639,STANDARD,2025-04-05T05:25:15
CUST_000290,Damini Varughese,user_290_5f1ab1@example.synth,PH_5f1ab190c49c,STANDARD,2025-04-28T02:20:31
CUST_000291,Harshil Patel,user_291_e00ee9@example.synth,PH_e00ee98dab84,LOW_ACTIVITY,2025-07-20T01:28:48
CUST_000292,Riya Palan,user_292_c0d44e@example.synth,PH_c0d44e2ce8f6,PREMIUM,2025-09-06T15:55:37
CUST_000293,Umang Mane,user_293_bb45ff@example.synth,PH_bb45ff0a551c,STANDARD,2025-12-14T11:50:56
CUST_000294,Dev Dasgupta,user_294_8a167d@example.synth,PH_8a167d02882e,STANDARD,2025-07-12T03:28:13
CUST_000295,Nitesh Narang,user_295_4d0b1b@example.synth,PH_4d0b1b570dca,PREMIUM,2025-09-23T15:07:01
CUST_000296,Yashodhara Narula,user_296_47dd85@example.synth,PH_47dd857f2a80,STANDARD,2025-02-21T06:03:57
CUST_000297,Divya Rajagopal,user_297_40ddbe@example.synth,PH_40ddbebfef32,PREMIUM,2025-11-13T01:06:37
CUST_000298,Wyatt Krishna,user_298_c39300@example.synth,PH_c39300903489,STANDARD,2025-08-20T01:20:44
CUST_000299,Raksha Ramanathan,user_299_f83733@example.synth,PH_f8373332aad0,STANDARD,2025-11-17T01:23:28
CUST_000300,Varenya Choudhry,user_300_2e536a@example.synth,PH_2e536a5f0e5f,STANDARD,2025-02-13T16:36:03
CUST_000301,Bhavna Rama,user_301_81dab9@example.synth,PH_81dab9c4a2ab,LOW_ACTIVITY,2025-06-29T23:40:27
CUST_000302,Sudiksha Shan,user_302_ca55a0@example.synth,PH_ca55a004e74b,STANDARD,2025-09-22T17:22:44
CUST_000303,Azad Dada,user_303_13d4e4@example.synth,PH_13d4e4281a45,STANDARD,2025-03-22T01:26:16
CUST_000304,Yahvi Madan,user_304_07e54e@example.synth,PH_07e54e1c8378,STANDARD,2025-06-03T01:51:16
CUST_000305,Isaiah Bumb,user_305_df8814@example.synth,PH_df88144c62dd,STANDARD,2025-08-18T17:12:47
CUST_000306,Girish Karan,user_306_b120cd@example.synth,PH_b120cdcda468,STANDARD,2025-01-05T16:58:14
CUST_000307,Advay Date,user_307_cd30c5@example.synth,PH_cd30c5fe2070,STANDARD,2025-05-06T18:55:42
CUST_000308,Anjali Minhas,user_308_5967b4@example.synth,PH_5967b40d8242,STANDARD,2025-08-11T10:16:15
CUST_000309,Unnati Deshmukh,user_309_b38d50@example.synth,PH_b38d5004ae07,STANDARD,2025-04-01T08:09:57
CUST_000310,Jack Sinha,user_310_f0e2c5@example.synth,PH_f0e2c5508c95,STANDARD,2025-04-15T02:59:04
CUST_000311,Anay Cherian,user_311_de0d93@example.synth,PH_de0d93449d23,STANDARD,2025-02-09T10:28:31
CUST_000312,Bachittar Dhar,user_312_9e49d7@example.synth,PH_9e49d76d5387,STANDARD,2025-12-03T03:36:50
CUST_000313,Parth Sandhu,user_313_cef088@example.synth,PH_cef08845b284,PREMIUM,2025-05-13T09:46:53
CUST_000314,Teerth Varghese,user_314_b563d4@example.synth,PH_b563d40c17d6,STANDARD,2025-11-02T13:51:49
CUST_000315,Benjamin Mital,user_315_27bf45@example.synth,PH_27bf45e475da,STANDARD,2025-08-19T20:56:44
CUST_000316,Yoshita Saini,user_316_dfee56@example.synth,PH_dfee560032b9,PREMIUM,2025-04-03T15:56:28
CUST_000317,Odika Chakraborty,user_317_a6b0e1@example.synth,PH_a6b0e172c258,STANDARD,2025-07-20T03:02:26
CUST_000318,Faris Bakshi,user_318_8e1122@example.synth,PH_8e11224b931d,STANDARD,2025-02-08T04:33:05
CUST_000319,Anvi Walla,user_319_a81779@example.synth,PH_a81779ff5b00,STANDARD,2025-05-28T15:49:47
CUST_000320,Isha Choudhary,user_320_5ad34b@example.synth,PH_5ad34b9e53e7,PREMIUM,2025-01-09T21:19:21
CUST_000321,Jacob Korpal,user_321_f966c1@example.synth,PH_f966c1c0af0e,STANDARD,2025-10-16T03:50:07
CUST_000322,Rehaan Ramanathan,user_322_e8e0dc@example.synth,PH_e8e0dccd646c,STANDARD,2025-11-26T04:19:05
CUST_000323,Anjali Puri,user_323_dfa008@example.synth,PH_dfa00839bd1a,STANDARD,2025-02-02T23:50:30
CUST_000324,Lajita Bhatt,user_324_20a0de@example.synth,PH_20a0de6f0d15,STANDARD,2025-03-01T11:02:33
CUST_000325,Onkar Hegde,user_325_71b036@example.synth,PH_71b036b6cfc0,STANDARD,2025-11-05T12:20:11
CUST_000326,Chanchal Sura,user_326_793184@example.synth,PH_793184086edd,STANDARD,2025-04-22T10:39:59
CUST_000327,Hemangini Keer,user_327_26361a@example.synth,PH_26361abdb0f6,STANDARD,2025-10-13T19:50:46
CUST_000328,Yahvi Tak,user_328_3b8536@example.synth,PH_3b8536339596,PREMIUM,2025-12-21T23:02:10
CUST_000329,Tanvi Sood,user_329_3231d3@example.synth,PH_3231d3b42861,STANDARD,2025-03-26T00:56:00
CUST_000330,Benjamin Aurora,user_330_c711d0@example.synth,PH_c711d0f7fc8e,STANDARD,2025-01-06T22:16:39
CUST_000331,Udyati Srinivas,user_331_db3714@example.synth,PH_db37148e3008,STANDARD,2025-03-26T05:58:53
CUST_000332,Nandini Nanda,user_332_06b7d0@example.synth,PH_06b7d0204b4b,STANDARD,2025-11-27T15:36:24
CUST_000333,Gautam Thakkar,user_333_008b7c@example.synth,PH_008b7c7677f5,STANDARD,2025-09-16T17:34:58
CUST_000334,Onveer Gala,user_334_e6560e@example.synth,PH_e6560e57adbc,STANDARD,2025-02-03T19:10:02
CUST_000335,Radha Nadig,user_335_d074b4@example.synth,PH_d074b4c08295,PREMIUM,2025-02-05T18:17:17
CUST_000336,Hema Bhasin,user_336_e7cd11@example.synth,PH_e7cd11e7573c,STANDARD,2025-03-09T01:56:58
CUST_000337,Chanchal Balasubramanian,user_337_7b1c47@example.synth,PH_7b1c47ec7724,STANDARD,2025-08-01T19:58:40
CUST_000338,Saumya Kurian,user_338_70eea1@example.synth,PH_70eea1e8fdd5,LOW_ACTIVITY,2025-11-22T23:51:05
CUST_000339,Pooja Naik,user_339_44a154@example.synth,PH_44a1540fb118,LOW_ACTIVITY,2025-11-20T14:51:11
CUST_000340,Faqid Bakshi,user_340_0ce8d8@example.synth,PH_0ce8d8538a01,STANDARD,2025-02-21T04:56:11
CUST_000341,Niharika Mandal,user_341_e178de@example.synth,PH_e178deda0946,PREMIUM,2025-07-15T17:44:27
CUST_000342,Omkaar Saraf,user_342_756fd4@example.synth,PH_756fd434f0af,STANDARD,2025-01-14T12:11:34
CUST_000343,Laksh Halder,user_343_93a13a@example.synth,PH_93a13a33233e,STANDARD,2025-11-08T13:34:25
CUST_000344,Krishna Sachdeva,user_344_52c1fa@example.synth,PH_52c1faf02efe,PREMIUM,2025-11-19T07:21:33
CUST_000345,Samuel Bose,user_345_a60d91@example.synth,PH_a60d912bf5a4,LOW_ACTIVITY,2025-10-16T22:18:19
CUST_000346,Samarth Srivastava,user_346_f0cfbe@example.synth,PH_f0cfbe1b426b,STANDARD,2025-06-30T08:52:59
CUST_000347,Abeer Pradhan,user_347_024aed@example.synth,PH_024aed0cfa68,STANDARD,2025-11-10T06:37:58
CUST_000348,Sai Rao,user_348_3f4604@example.synth,PH_3f4604eec7a6,PREMIUM,2025-03-13T22:19:17
CUST_000349,Diya Karnik,user_349_bf0d77@example.synth,PH_bf0d771b0c40,STANDARD,2025-01-18T09:31:51
CUST_000350,Harita Garde,user_350_6acc68@example.synth,PH_6acc683d3f51,STANDARD,2025-05-15T02:50:03
CUST_000351,Hema Balasubramanian,user_351_013c48@example.synth,PH_013c48e7bddb,PREMIUM,2025-12-04T04:01:20
CUST_000352,Dayamai Sehgal,user_352_d6eef6@example.synth,PH_d6eef6223f90,STANDARD,2025-03-16T15:48:42
CUST_000353,Dayamai Agarwal,user_353_f90d6f@example.synth,PH_f90d6f8dded7,STANDARD,2025-11-30T04:30:48
CUST_000354,Ryan Yohannan,user_354_8f6390@example.synth,PH_8f63906f266d,STANDARD,2025-11-01T07:49:35
CUST_000355,Amaira Karpe,user_355_851a03@example.synth,PH_851a03327baf,LOW_ACTIVITY,2025-10-16T09:47:06
CUST_000356,Luke Kumer,user_356_3f0d11@example.synth,PH_3f0d11052d98,STANDARD,2025-01-31T04:38:11
CUST_000357,Ekbal Naik,user_357_ec477b@example.synth,PH_ec477bb9801a,STANDARD,2025-11-29T07:31:03
CUST_000358,Ojasvi Kapadia,user_358_7a37c3@example.synth,PH_7a37c373897f,PREMIUM,2025-12-16T12:41:32
CUST_000359,Bishakha Gupta,user_359_e252e3@example.synth,PH_e252e3f465b0,STANDARD,2025-06-06T23:03:54
CUST_000360,Nihal Zachariah,user_360_061d08@example.synth,PH_061d08245522,STANDARD,2025-09-30T04:33:05
CUST_000361,Keya Chokshi,user_361_f58f0f@example.synth,PH_f58f0f1611e7,STANDARD,2025-02-18T00:54:47
CUST_000362,Samar Misra,user_362_781de2@example.synth,PH_781de2a16ed4,STANDARD,2025-12-10T10:11:32
CUST_000363,Shravya Dey,user_363_39513c@example.synth,PH_39513cac0349,STANDARD,2025-09-08T03:02:17
CUST_000364,Hemangini Sethi,user_364_eec752@example.synth,PH_eec7529b4fd7,STANDARD,2025-02-18T10:35:53
CUST_000365,Zayan Salvi,user_365_ca2902@example.synth,PH_ca2902c7a907,PREMIUM,2025-12-15T22:29:27
CUST_000366,Eshana Singh,user_366_2f07e4@example.synth,PH_2f07e43e822f,PREMIUM,2025-03-07T14:04:30
CUST_000367,Jagat Mandal,user_367_cde3f5@example.synth,PH_cde3f5fc0671,LOW_ACTIVITY,2025-01-29T10:25:38
CUST_000368,Kala Kale,user_368_5c31d6@example.synth,PH_5c31d6220db4,LOW_ACTIVITY,2025-07-11T23:28:46
CUST_000369,Priya Karpe,user_369_53cf7a@example.synth,PH_53cf7add1c10,STANDARD,2025-10-25T11:45:41
CUST_000370,Warinder Ravi,user_370_bb0fd4@example.synth,PH_bb0fd463ac1e,STANDARD,2025-02-18T13:21:49
CUST_000371,Arin Dubey,user_371_857752@example.synth,PH_8577521bfa9d,STANDARD,2025-06-20T20:05:04
CUST_000372,Logan Sura,user_372_4fb806@example.synth,PH_4fb806a7b175,STANDARD,2025-05-26T08:11:08
CUST_000373,Raksha Sharma,user_373_e651a9@example.synth,PH_e651a9f3517a,PREMIUM,2025-05-24T07:03:19
CUST_000374,Veda Nigam,user_374_66cbb1@example.synth,PH_66cbb1851409,PREMIUM,2025-06-01T04:01:53
CUST_000375,Onkar Dugal,user_375_852288@example.synth,PH_852288e7b3f8,STANDARD,2025-04-09T23:42:05
CUST_000376,Advik Kakar,user_376_937f76@example.synth,PH_937f76cd7cd6,STANDARD,2025-03-23T00:07:03
CUST_000377,Netra Bakshi,user_377_185f40@example.synth,PH_185f401d21db,STANDARD,2025-03-10T07:28:00
CUST_000378,Jagrati Prabhu,user_378_aab77f@example.synth,PH_aab77f2077ea,STANDARD,2025-07-31T14:33:07
CUST_000379,Ekaja Krish,user_379_b16611@example.synth,PH_b166111fc9b3,STANDARD,2025-05-05T14:25:22
CUST_000380,Devansh Badal,user_380_074dd9@example.synth,PH_074dd9ac765a,STANDARD,2025-11-10T11:25:46
CUST_000381,Bahadurjit Ganguly,user_381_ecfc6d@example.synth,PH_ecfc6dd274c3,STANDARD,2025-08-10T10:05:46
CUST_000382,Veer Konda,user_382_31d89d@example.synth,PH_31d89d2b8668,STANDARD,2025-02-09T00:57:35
CUST_000383,Kalpit Raval,user_383_43e9f3@example.synth,PH_43e9f3f21047,LOW_ACTIVITY,2025-01-19T10:35:55
CUST_000384,Daksha Wason,user_384_1f3ace@example.synth,PH_1f3ace111f5b,STANDARD,2025-04-28T20:54:29
CUST_000385,Nihal Nayak,user_385_13f53b@example.synth,PH_13f53b2b6642,STANDARD,2025-02-01T21:22:51
CUST_000386,Raghav Balan,user_386_0df090@example.synth,PH_0df090847007,PREMIUM,2025-06-09T00:25:46
CUST_000387,Abdul Anand,user_387_294aff@example.synth,PH_294aff2ba5db,STANDARD,2025-05-07T02:43:11
CUST_000388,Aashi Chaudry,user_388_8aec86@example.synth,PH_8aec8641604a,STANDARD,2025-06-18T15:21:50
CUST_000389,Darsh Ganesan,user_389_6608c2@example.synth,PH_6608c297935a,STANDARD,2025-03-30T02:13:06
CUST_000390,Vinaya Prabhu,user_390_e2e126@example.synth,PH_e2e1262478e3,STANDARD,2025-08-14T23:08:14
CUST_000391,Oscar Prabhakar,user_391_cb9051@example.synth,PH_cb9051679a83,STANDARD,2025-01-17T02:52:06
CUST_000392,Abeer Iyer,user_392_662c94@example.synth,PH_662c9470ffdd,STANDARD,2025-01-20T09:38:04
CUST_000393,Liam Barman,user_393_e9a84b@example.synth,PH_e9a84bedc9d9,STANDARD,2025-01-23T17:09:18
CUST_000394,Vamakshi Agate,user_394_f22152@example.synth,PH_f22152cc6152,STANDARD,2025-08-22T09:21:20
CUST_000395,Bhavya Lad,user_395_23a43a@example.synth,PH_23a43a13dd94,STANDARD,2025-03-28T22:12:19
CUST_000396,Nimrat Agarwal,user_396_dbba40@example.synth,PH_dbba4036aa12,STANDARD,2025-10-28T05:59:34
CUST_000397,Finn Chadha,user_397_224de7@example.synth,PH_224de796ba46,STANDARD,2025-09-07T15:18:16
CUST_000398,Ojasvi Parsa,user_398_a88d8a@example.synth,PH_a88d8aa3191b,PREMIUM,2025-08-04T08:56:21
CUST_000399,Jack Mammen,user_399_a39bb8@example.synth,PH_a39bb8036383,STANDARD,2025-05-29T05:27:34
CUST_000400,Fiyaz Samra,user_400_095486@example.synth,PH_095486452ffe,STANDARD,2025-11-06T23:30:39
CUST_000401,Yagnesh Basak,user_401_711706@example.synth,PH_711706cde701,STANDARD,2025-02-16T02:53:30
CUST_000402,Yug Sharma,user_402_6abd2b@example.synth,PH_6abd2b54c57f,STANDARD,2025-11-21T07:49:40
CUST_000403,Ishwar Datta,user_403_2ef9da@example.synth,PH_2ef9daee3fca,STANDARD,2025-04-06T03:45:57
CUST_000404,Ranveer Mangat,user_404_4587df@example.synth,PH_4587dfed0872,STANDARD,2025-03-26T23:31:49
CUST_000405,Tamanna Raval,user_405_7d1ac5@example.synth,PH_7d1ac5c9792d,STANDARD,2025-07-26T01:48:29
CUST_000406,Yuvraj Gade,user_406_f0c39e@example.synth,PH_f0c39eb46359,LOW_ACTIVITY,2025-06-06T17:29:47
CUST_000407,Pallavi Rege,user_407_09a0b6@example.synth,PH_09a0b651f904,STANDARD,2025-04-25T23:45:50
CUST_000408,Aarna Nagar,user_408_181be4@example.synth,PH_181be45b1708,STANDARD,2025-05-13T00:25:07
CUST_000409,Yachana Sarin,user_409_cc22c3@example.synth,PH_cc22c32d79d6,PREMIUM,2025-01-24T01:07:18
CUST_000410,Zarna Sen,user_410_b24e38@example.synth,PH_b24e3832f701,PREMIUM,2025-07-21T17:09:17
CUST_000411,Dhriti Rout,user_411_925bc1@example.synth,PH_925bc141cac2,STANDARD,2025-05-08T06:40:43
CUST_000412,Hritik De,user_412_757c8e@example.synth,PH_757c8e920276,STANDARD,2025-10-21T14:37:20
CUST_000413,Shaurya Khanna,user_413_1cbfb6@example.synth,PH_1cbfb6573591,STANDARD,2025-09-14T06:05:58
CUST_000414,Jagrati Sani,user_414_495c6d@example.synth,PH_495c6dfe6e54,STANDARD,2025-07-13T00:31:43
CUST_000415,Bimala Sami,user_415_bbd869@example.synth,PH_bbd869d361fc,PREMIUM,2025-07-09T15:27:15
CUST_000416,Kamya Dugal,user_416_ed3e28@example.synth,PH_ed3e28a86df2,STANDARD,2025-05-30T09:22:54
CUST_000417,Lakshmi Sanghvi,user_417_22adc8@example.synth,PH_22adc8f01abe,STANDARD,2025-03-17T19:01:56
CUST_000418,Anamika Babu,user_418_4671df@example.synth,PH_4671df702e4f,STANDARD,2025-02-28T21:27:22
CUST_000419,Neel Dara,user_419_b129b3@example.synth,PH_b129b3e4427f,STANDARD,2025-10-05T00:29:47
CUST_000420,Rehaan Sule,user_420_573d9e@example.synth,PH_573d9e1e3956,STANDARD,2025-05-29T14:07:13
CUST_000421,Zilmil Sathe,user_421_2fd7bf@example.synth,PH_2fd7bf625f8c,PREMIUM,2025-05-10T20:31:03
CUST_000422,Madhav Deshmukh,user_422_a1b052@example.synth,PH_a1b052870471,LOW_ACTIVITY,2025-11-13T08:26:27
CUST_000423,Dalaja Dasgupta,user_423_ce76f1@example.synth,PH_ce76f1dad61c,PREMIUM,2025-02-16T12:05:35
CUST_000424,Bhavini Chakraborty,user_424_cb578e@example.synth,PH_cb578e6ef89c,LOW_ACTIVITY,2025-06-19T11:32:32
CUST_000425,Mahika Baral,user_425_43ab46@example.synth,PH_43ab468d6c33,STANDARD,2025-03-23T10:40:06
CUST_000426,Tanay Babu,user_426_369865@example.synth,PH_36986516bdf0,PREMIUM,2025-07-13T06:00:17
CUST_000427,Udyati Hans,user_427_4623f6@example.synth,PH_4623f6e4a4fe,LOW_ACTIVITY,2025-04-08T14:11:32
CUST_000428,Chaitanya Sastry,user_428_3b701e@example.synth,PH_3b701ef58b37,PREMIUM,2025-05-01T14:15:36
CUST_000429,Wahab Pall,user_429_e2f23d@example.synth,PH_e2f23d84e3a4,LOW_ACTIVITY,2025-03-18T05:52:34
CUST_000430,Aashi Gulati,user_430_14b4ab@example.synth,PH_14b4abaa965c,STANDARD,2025-08-06T11:39:23
CUST_000431,Reyansh Suresh,user_431_a0b281@example.synth,PH_a0b281a99c8a,STANDARD,2025-02-02T08:47:08
CUST_000432,Balhaar Vohra,user_432_402ff0@example.synth,PH_402ff0cabc6a,STANDARD,2025-09-07T03:35:26
CUST_000433,Imaran Bava,user_433_1436ed@example.synth,PH_1436edbbdfd7,STANDARD,2025-04-02T13:55:23
CUST_000434,Aahana Bansal,user_434_24c57f@example.synth,PH_24c57fa5bf35,STANDARD,2025-02-24T07:26:14
CUST_000435,Isaiah Varma,user_435_6c6ba6@example.synth,PH_6c6ba611ad0a,STANDARD,2025-09-02T00:24:01
CUST_000436,Finn Narain,user_436_6eb8f5@example.synth,PH_6eb8f5274b11,PREMIUM,2025-12-16T08:23:21
CUST_000437,Dev Ramachandran,user_437_fe5933@example.synth,PH_fe593348e173,STANDARD,2025-11-18T01:56:41
CUST_000438,Rachana Dua,user_438_50dfdc@example.synth,PH_50dfdc98cac4,STANDARD,2025-02-08T16:01:42
CUST_000439,Vasudha Seth,user_439_fdc3e6@example.synth,PH_fdc3e641f4b4,LOW_ACTIVITY,2025-05-09T14:21:08
CUST_000440,Alexander Kothari,user_440_a2a98a@example.synth,PH_a2a98a74dfbd,STANDARD,2025-09-23T07:56:58
CUST_000441,Osha Sarkar,user_441_bbdc97@example.synth,PH_bbdc972f7a6b,STANDARD,2025-05-31T15:33:03
CUST_000442,Vasatika Gara,user_442_d082dc@example.synth,PH_d082dca2d257,LOW_ACTIVITY,2025-09-10T11:58:08
CUST_000443,Vihaan Sant,user_443_7c0044@example.synth,PH_7c00447b1861,LOW_ACTIVITY,2025-11-03T23:33:24
CUST_000444,Upma Parmer,user_444_287f83@example.synth,PH_287f838929dc,STANDARD,2025-01-06T06:31:53
CUST_000445,Xalak Singhal,user_445_19baea@example.synth,PH_19baea9639cd,STANDARD,2025-06-28T16:35:52
CUST_000446,Anamika Sani,user_446_7bc23a@example.synth,PH_7bc23a69b5ad,STANDARD,2025-02-03T23:23:39
CUST_000447,Zaid Sami,user_447_d98cb8@example.synth,PH_d98cb8edadd5,LOW_ACTIVITY,2025-05-21T08:40:24
CUST_000448,Veer Mukherjee,user_448_3a7cd2@example.synth,PH_3a7cd2680420,STANDARD,2025-08-31T07:44:29
CUST_000449,Qadim Venkataraman,user_449_fc50c9@example.synth,PH_fc50c9334da5,PREMIUM,2025-04-01T19:36:31
CUST_000450,Jagvi Merchant,user_450_ae0baf@example.synth,PH_ae0baf84a9fe,STANDARD,2025-06-08T23:36:44
CUST_000451,Amaira Datta,user_451_bbb62c@example.synth,PH_bbb62c6b427f,STANDARD,2025-12-01T11:44:59
CUST_000452,Champak Ramaswamy,user_452_d4e780@example.synth,PH_d4e7801996ae,STANDARD,2025-08-16T09:56:44
CUST_000453,Kiaan Reddy,user_453_69a15c@example.synth,PH_69a15caec78f,STANDARD,2025-02-07T04:27:17
CUST_000454,Ucchal Mall,user_454_45543c@example.synth,PH_45543c83cf0d,STANDARD,2025-04-09T00:57:45
CUST_000455,Amol Dalal,user_455_4c735b@example.synth,PH_4c735bba3608,PREMIUM,2025-08-28T09:54:35
CUST_000456,Adya Kamdar,user_456_e56340@example.synth,PH_e56340cde98e,STANDARD,2025-10-30T15:36:32
CUST_000457,Guneet Soni,user_457_e880fd@example.synth,PH_e880fd9f1e1e,STANDARD,2025-07-25T07:31:37
CUST_000458,Hemang Trivedi,user_458_1b49d2@example.synth,PH_1b49d2068ca5,PREMIUM,2025-06-21T06:48:24
CUST_000459,Bhavini Vora,user_459_9910cb@example.synth,PH_9910cbb1509d,STANDARD,2025-10-02T05:41:16
CUST_000460,Wazir Edwin,user_460_a004e7@example.synth,PH_a004e7173daf,STANDARD,2025-11-30T18:35:16
CUST_000461,Zehaan Garg,user_461_9c2265@example.synth,PH_9c22651a73f4,STANDARD,2025-12-11T01:34:16
CUST_000462,Avi Tailor,user_462_25464f@example.synth,PH_25464f0ac2d8,PREMIUM,2025-03-21T04:31:59
CUST_000463,Agastya Kalla,user_463_60997c@example.synth,PH_60997ce83376,STANDARD,2025-04-11T01:21:31
CUST_000464,Oni Soni,user_464_aebd2d@example.synth,PH_aebd2d8be0b8,STANDARD,2025-09-14T11:07:06
CUST_000465,Chanchal Krish,user_465_7f15c1@example.synth,PH_7f15c1b0b442,STANDARD,2025-07-08T17:38:32
CUST_000466,Yug Grewal,user_466_3a14ca@example.synth,PH_3a14ca7bbba3,PREMIUM,2025-09-03T20:05:58
CUST_000467,Lipika Dara,user_467_a4da0a@example.synth,PH_a4da0a186fd6,PREMIUM,2025-09-23T19:53:30
CUST_000468,Sanya Grewal,user_468_9c1886@example.synth,PH_9c188692bb40,STANDARD,2025-03-02T04:40:26
CUST_000469,Dalaja Raman,user_469_5907b1@example.synth,PH_5907b1f733e5,STANDARD,2025-06-30T02:51:25
CUST_000470,Yashica More,user_470_823938@example.synth,PH_823938cda6af,STANDARD,2025-10-14T11:54:56
CUST_000471,Lakshmi Deshpande,user_471_f3709d@example.synth,PH_f3709d9fcab8,STANDARD,2025-10-08T23:24:15
CUST_000472,Udyati Sastry,user_472_1ff624@example.synth,PH_1ff624207647,STANDARD,2025-03-16T00:41:41
CUST_000473,Zaid Nazareth,user_473_5ac301@example.synth,PH_5ac3014cd62a,STANDARD,2025-07-10T19:24:01
CUST_000474,Pooja Ahuja,user_474_3deca4@example.synth,PH_3deca4ada104,STANDARD,2025-03-24T09:24:28
CUST_000475,Ayushman Kapur,user_475_3012c7@example.synth,PH_3012c742a68c,LOW_ACTIVITY,2025-04-30T07:55:42
CUST_000476,Leena Johal,user_476_09e41c@example.synth,PH_09e41c4419fe,PREMIUM,2025-02-26T17:10:57
CUST_000477,Mahika Krishnan,user_477_1306a3@example.synth,PH_1306a3360767,STANDARD,2025-08-19T10:53:07
CUST_000478,Wriddhish Bala,user_478_9808fc@example.synth,PH_9808fc63bb75,STANDARD,2025-09-07T18:43:37
CUST_000479,Bhavani Sen,user_479_c85bbb@example.synth,PH_c85bbba4129c,LOW_ACTIVITY,2025-01-02T15:48:48
CUST_000480,Kashish Goswami,user_480_b22b38@example.synth,PH_b22b3811cc4c,LOW_ACTIVITY,2025-01-18T23:11:27
CUST_000481,Netra Patla,user_481_c3fb3b@example.synth,PH_c3fb3bc5de64,STANDARD,2025-11-30T07:55:15
CUST_000482,Robert Chaudhuri,user_482_920581@example.synth,PH_920581446f8d,STANDARD,2025-10-03T18:35:51
CUST_000483,Ekantika Dugal,user_483_fcb8e4@example.synth,PH_fcb8e40c5c47,STANDARD,2025-09-04T21:58:59
CUST_000484,Tanvi Murty,user_484_f41c83@example.synth,PH_f41c83078c39,STANDARD,2025-06-11T21:01:23
CUST_000485,Aarnav Murthy,user_485_4dfee7@example.synth,PH_4dfee711cdfb,PREMIUM,2025-08-05T11:18:10
CUST_000486,Samaksh Date,user_486_df031a@example.synth,PH_df031a59c3ac,STANDARD,2025-06-03T20:11:52
CUST_000487,Luke Goel,user_487_1e62f0@example.synth,PH_1e62f0f05a5a,STANDARD,2025-05-17T22:55:05
CUST_000488,Akshay Tank,user_488_4adb10@example.synth,PH_4adb10952c8d,STANDARD,2025-07-10T10:09:35
CUST_000489,Aradhana Rau,user_489_6bf6f9@example.synth,PH_6bf6f94b7b37,STANDARD,2025-02-14T11:53:24
CUST_000490,Hemang Borde,user_490_e57020@example.synth,PH_e570202560cd,STANDARD,2025-11-11T11:34:38
CUST_000491,Pavani Parikh,user_491_4907b0@example.synth,PH_4907b083f30d,STANDARD,2025-10-26T14:46:43
CUST_000492,Triveni Vyas,user_492_48e51c@example.synth,PH_48e51cebe2a7,STANDARD,2025-03-02T01:47:57
CUST_000493,Tarak Samra,user_493_3969cf@example.synth,PH_3969cfd55112,STANDARD,2025-06-15T10:17:45
CUST_000494,Nilima Apte,user_494_aee0e5@example.synth,PH_aee0e57edb8c,STANDARD,2025-01-01T04:20:42
CUST_000495,Ojasvi Divan,user_495_9df27d@example.synth,PH_9df27dc7d49f,STANDARD,2025-03-21T10:05:19
CUST_000496,Gavin Chaudhry,user_496_6d7b83@example.synth,PH_6d7b8355d494,STANDARD,2025-12-17T18:59:59
CUST_000497,Rachana Khurana,user_497_86030f@example.synth,PH_86030f0bfc65,STANDARD,2025-03-24T12:12:00
CUST_000498,Raghav Tiwari,user_498_77b596@example.synth,PH_77b596a269be,STANDARD,2025-11-05T08:56:32
CUST_000499,Xalak Nadkarni,user_499_c684c3@example.synth,PH_c684c39bef62,STANDARD,2025-05-16T19:36:55
CUST_000500,Nirja Sethi,user_500_857542@example.synth,PH_857542974db5,STANDARD,2025-07-15T19:23:50
