device_id,device_type,device_created_at,device_os,fingerprint_hash
DEV_000001,DESKTOP_WINDOWS,2025-02-09T02:46:42,Windows 11,FP_6abfd83107bb735c
DEV_000002,DESKTOP_MAC,2025-07-07T15:52:22,macOS Sonoma,FP_cd9b6faa87fbd063
DEV_000003,MOBILE_IOS,2025-09-01T08:54:06,iOS 16.6,FP_9e3848a53b76e66c
DEV_000004,MOBILE_IOS,2025-10-10T04:50:36,iOS 16.6,FP_b253082b2e4d2054
DEV_000005,MOBILE_IOS,2025-07-08T16:30:20,iOS 16.6,FP_c266f03c7d2c0e56
DEV_000006,MOBILE_IOS,2025-07-12T14:51:04,iOS 17.4,FP_c9cf2c9d7c17bad7
DEV_000007,DESKTOP_WINDOWS,2025-07-17T23:54:20,Windows 11,FP_7d78d1342c983e89
DEV_000008,MOBILE_IOS,2025-02-13T16:58:41,iOS 17.4,FP_5312e76e3765db18
DEV_000009,MOBILE_ANDROID,2025-03-23T07:05:38,Android 14,FP_3121c440463988d4
DEV_000010,MOBILE_IOS,2025-10-19T23:05:00,iOS 17.4,FP_5e0ab5414ba2f65a
DEV_000011,MOBILE_ANDROID,2025-04-13T17:51:52,Android 13,FP_445b9c5a3be385e3
DEV_000012,DESKTOP_MAC,2025-02-27T12:22:56,macOS Sonoma,FP_2d14ba01f5ce588c
DEV_000013,MOBILE_ANDROID,2025-02-15T04:11:18,Android 13,FP_b8e078155f3a617f
DEV_000014,MOBILE_IOS,2025-05-06T00:13:29,iOS 16.6,FP_f2bca9e8d7bb6b79
DEV_000015,DESKTOP_MAC,2025-08-07T11:14:29,macOS Sonoma,FP_f7bd1ed7b9353f07
DEV_000016,DESKTOP_WINDOWS,2025-12-19T19:34:28,Windows 11,FP_a1882f9607a7a688
DEV_000017,MOBILE_IOS,2026-01-19T16:21:32,iOS 16.6,FP_8555879002eef0ee
DEV_000018,MOBILE_IOS,2025-09-05T17:17:22,iOS 17.4,FP_c9e35849b84aaf41
DEV_000019,DESKTOP_WINDOWS,2025-03-10T01:01:39,Windows 11,FP_3549e038c594c83a
DEV_000020,DESKTOP_WINDOWS,2025-03-12T06:56:11,Windows 11,FP_aa23070aca8d877f
DEV_000021,MOBILE_IOS,2025-11-19T06:31:35,iOS 17.4,FP_ddf9df7c72f5d3b3
DEV_000022,DESKTOP_WINDOWS,2025-12-26T02:49:57,Windows 11,FP_a7d4bfbcd61ec9bd
DEV_000023,MOBILE_ANDROID,2025-03-26T09:47:21,Android 13,FP_b029cc193de9c44c
DEV_000024,MOBILE_ANDROID,2026-01-07T18:44:58,Android 14,FP_9ae4b6f26401f6c1
DEV_000025,DESKTOP_WINDOWS,2025-03-12T14:14:42,Windows 11,FP_ef53d4e70b8d5692
DEV_000026,MOBILE_IOS,2025-04-15T02:31:03,iOS 17.4,FP_4bfa8c24f1042f6e
DEV_000027,MOBILE_IOS,2025-12-06T05:01:05,iOS 16.6,FP_b5d6738567af021d
DEV_000028,DESKTOP_WINDOWS,2025-08-01T15:41:43,Windows 11,FP_09833a994197668a
DEV_000029,MOBILE_IOS,2025-07-12T06:28:29,iOS 17.4,FP_826f6d88bd0e8e74
DEV_000030,DESKTOP_WINDOWS,2025-09-03T11:17:09,Windows 11,FP_26b4df9f81bb6f8b
DEV_000031,MOBILE_IOS,2025-05-23T03:48:56,iOS 17.4,FP_bce4ac249979ac51
DEV_000032,DESKTOP_MAC,2025-09-13T15:49:34,macOS Sonoma,FP_e4324d579d0462c3
DEV_000033,DESKTOP_WINDOWS,2025-12-19T14:39:23,Windows 11,FP_d9347551c7b54a32
DEV_000034,MOBILE_IOS,2025-09-20T05:27:37,iOS 17.4,FP_27486571df6c5c88
DEV_000035,MOBILE_ANDROID,2025-07-11T09:10:59,Android 14,FP_1130818094f326b6
DEV_000036,MOBILE_IOS,2025-07-03T00:38:26,iOS 17.4,FP_bb797496e98bd140
DEV_000037,MOBILE_IOS,2025-07-08T09:33:45,iOS 17.4,FP_64ee82a4f482ab69
DEV_000038,MOBILE_ANDROID,2025-05-07T14:56:23,Android 13,FP_437b207e9dad2ba0
DEV_000039,MOBILE_ANDROID,2025-05-18T14:36:59,Android 13,FP_269d222ec7bc8504
DEV_000040,MOBILE_ANDROID,2025-12-19T22:46:39,Android 14,FP_b899553b5f5f1ffe
DEV_000041,MOBILE_IOS,2025-09-28T19:30:53,iOS 17.4,FP_57348834eb0cbb20
DEV_000042,MOBILE_IOS,2026-01-15T18:22:03,iOS 17.4,FP_cba6bca89af8f13f
DEV_000043,DESKTOP_WINDOWS,2026-01-23T23:56:03,Windows 11,FP_c78b13a7cffa3f79
DEV_000044,MOBILE_IOS,2025-06-08T02:06:58,iOS 17.4,FP_734bf23c976420f6
DEV_000045,MOBILE_IOS,2026-01-05T04:25:22,iOS 16.6,FP_a65cf458bf48cee9
DEV_000046,MOBILE_ANDROID,2025-02-05T13:26:16,Android 14,FP_989e7fe7a29a495c
DEV_000047,MOBILE_IOS,2025-02-12T10:12:05,iOS 16.6,FP_fecc8beb9334051c
DEV_000048,MOBILE_IOS,2025-08-31T23:22:47,iOS 16.6,FP_6589b1ddd9b02013
DEV_000049,MOBILE_ANDROID,2025-06-29T10:46:34,Android 13,FP_9c2d0d812cea8908
DEV_000050,MOBILE_IOS,2025-04-27T10:13:58,iOS 17.4,FP_324640d0b4d6ba64
DEV_000051,MOBILE_IOS,2025-03-01T00:01:57,iOS 16.6,FP_eb26a1de76c9a6d0
DEV_000052,MOBILE_IOS,2025-05-15T16:27:47,iOS 16.6,FP_33bcb729215b4def
DEV_000053,MOBILE_ANDROID,2025-02-15T19:41:20,Android 14,FP_86fb02b256b968d1
DEV_000054,MOBILE_ANDROID,2025-06-06T07:20:08,Android 14,FP_3e526047e418567a
DEV_000055,MOBILE_ANDROID,2025-11-10T21:42:50,Android 13,FP_2fa54f60e88cb458
DEV_000056,MOBILE_IOS,2025-06-24T17:14:26,iOS 16.6,FP_639d6c7bc8ed47d7
DEV_000057,MOBILE_ANDROID,2025-03-20T02:01:53,Android 13,FP_3104055d5ac1864a
DEV_000058,MOBILE_ANDROID,2025-06-01T07:46:07,Android 14,FP_5703a17adfaa9146
DEV_000059,MOBILE_ANDROID,2025-04-22T05:13:29,Android 14,FP_c9b782a969f479f4
DEV_000060,DESKTOP_MAC,2025-08-04T04:59:37,macOS Sonoma,FP_09d740aca7e70b3c
